-- phpMyAdmin SQL Dump
-- version 5.0.4
-- https://www.phpmyadmin.net/
--
-- Хост: 127.0.0.1:3306
-- Время создания: Ноя 10 2021 г., 18:27
-- Версия сервера: 5.5.62
-- Версия PHP: 7.2.34

SET SQL_MODE = "NO_AUTO_VALUE_ON_ZERO";
START TRANSACTION;
SET time_zone = "+00:00";


/*!40101 SET @OLD_CHARACTER_SET_CLIENT=@@CHARACTER_SET_CLIENT */;
/*!40101 SET @OLD_CHARACTER_SET_RESULTS=@@CHARACTER_SET_RESULTS */;
/*!40101 SET @OLD_COLLATION_CONNECTION=@@COLLATION_CONNECTION */;
/*!40101 SET NAMES utf8mb4 */;

--
-- База данных: `obukhov-practice`
--

-- --------------------------------------------------------

--
-- Структура таблицы `article`
--

CREATE TABLE `article` (
  `id` int(11) NOT NULL,
  `title` varchar(255) DEFAULT NULL,
  `description` text,
  `content` text,
  `date` date DEFAULT NULL,
  `image` varchar(255) DEFAULT NULL,
  `viewed` int(11) DEFAULT NULL,
  `user_id` int(11) DEFAULT NULL,
  `status` int(11) DEFAULT NULL,
  `category_id` int(11) DEFAULT NULL
) ENGINE=InnoDB DEFAULT CHARSET=utf8;

--
-- Дамп данных таблицы `article`
--

INSERT INTO `article` (`id`, `title`, `description`, `content`, `date`, `image`, `viewed`, `user_id`, `status`, `category_id`) VALUES
(6, '123', '123', '123', '2021-11-02', 'ce68bfdc48002eed27b0a78d45b3c758.jpg', 1, NULL, NULL, 1),
(7, 'dtkwekvlds', 'gsdgsdgsd', 'dgsgsdgsdg', '2021-11-03', NULL, NULL, NULL, NULL, 2),
(8, '3516316162216621', '1262261261216261', '62216621621126612', '2021-11-10', NULL, NULL, NULL, NULL, 3);

-- --------------------------------------------------------

--
-- Структура таблицы `article_tag`
--

CREATE TABLE `article_tag` (
  `id` int(11) NOT NULL,
  `article_id` int(11) DEFAULT NULL,
  `tag_id` int(11) DEFAULT NULL
) ENGINE=InnoDB DEFAULT CHARSET=utf8;

--
-- Дамп данных таблицы `article_tag`
--

INSERT INTO `article_tag` (`id`, `article_id`, `tag_id`) VALUES
(14, 7, 2),
(16, 6, 1),
(17, 6, 2),
(18, 6, 3);

-- --------------------------------------------------------

--
-- Структура таблицы `category`
--

CREATE TABLE `category` (
  `id` int(11) NOT NULL,
  `title` varchar(255) DEFAULT NULL
) ENGINE=InnoDB DEFAULT CHARSET=utf8;

--
-- Дамп данных таблицы `category`
--

INSERT INTO `category` (`id`, `title`) VALUES
(1, '321'),
(2, '512521'),
(3, '15625521521'),
(4, '1312561256126');

-- --------------------------------------------------------

--
-- Структура таблицы `comment`
--

CREATE TABLE `comment` (
  `id` int(11) NOT NULL,
  `text` varchar(255) DEFAULT NULL,
  `user_id` int(11) DEFAULT NULL,
  `article_id` int(11) DEFAULT NULL,
  `status` int(11) DEFAULT NULL
) ENGINE=InnoDB DEFAULT CHARSET=utf8;

-- --------------------------------------------------------

--
-- Структура таблицы `migration`
--

CREATE TABLE `migration` (
  `version` varchar(180) NOT NULL,
  `apply_time` int(11) DEFAULT NULL
) ENGINE=InnoDB DEFAULT CHARSET=utf8;

--
-- Дамп данных таблицы `migration`
--

INSERT INTO `migration` (`version`, `apply_time`) VALUES
('m000000_000000_base', 1635329180),
('m211027_093420_create_article_table', 1635329181),
('m211027_093443_create_category_table', 1635329182),
('m211027_093527_create_tag_table', 1635329182),
('m211027_093542_create_user_table', 1635329182),
('m211027_093556_create_comment_table', 1635329183),
('m211027_093620_create_article_tag_table', 1635329185);

-- --------------------------------------------------------

--
-- Структура таблицы `tag`
--

CREATE TABLE `tag` (
  `id` int(11) NOT NULL,
  `title` varchar(255) DEFAULT NULL
) ENGINE=InnoDB DEFAULT CHARSET=utf8;

--
-- Дамп данных таблицы `tag`
--

INSERT INTO `tag` (`id`, `title`) VALUES
(1, 'Тег 1'),
(2, 'Тег 2'),
(3, 'Тег 3');

-- --------------------------------------------------------

--
-- Структура таблицы `user`
--

CREATE TABLE `user` (
  `id` int(11) NOT NULL,
  `name` varchar(255) DEFAULT NULL,
  `email` varchar(255) DEFAULT NULL,
  `password` varchar(255) DEFAULT NULL,
  `isAdmin` int(11) DEFAULT '0',
  `photo` varchar(255) DEFAULT NULL
) ENGINE=InnoDB DEFAULT CHARSET=utf8;

--
-- Дамп данных таблицы `user`
--

INSERT INTO `user` (`id`, `name`, `email`, `password`, `isAdmin`, `photo`) VALUES
(1, 'admin', 'admin@gmail.com', 'admin1', 0, NULL),
(2, 'user1', NULL, 'user12345', 0, NULL),
(3, 'User2', 'user2@gmail.com', 'user212345', 0, NULL),
(251430727, 'Владислав', NULL, NULL, 0, '/images/camera_200.png');

--
-- Индексы сохранённых таблиц
--

--
-- Индексы таблицы `article`
--
ALTER TABLE `article`
  ADD PRIMARY KEY (`id`);

--
-- Индексы таблицы `article_tag`
--
ALTER TABLE `article_tag`
  ADD PRIMARY KEY (`id`),
  ADD KEY `tag_artice_article_id` (`article_id`),
  ADD KEY `idx-tag_id` (`tag_id`);

--
-- Индексы таблицы `category`
--
ALTER TABLE `category`
  ADD PRIMARY KEY (`id`);

--
-- Индексы таблицы `comment`
--
ALTER TABLE `comment`
  ADD PRIMARY KEY (`id`),
  ADD KEY `idx-post-user_id` (`user_id`),
  ADD KEY `idx-article_id` (`article_id`);

--
-- Индексы таблицы `migration`
--
ALTER TABLE `migration`
  ADD PRIMARY KEY (`version`);

--
-- Индексы таблицы `tag`
--
ALTER TABLE `tag`
  ADD PRIMARY KEY (`id`);

--
-- Индексы таблицы `user`
--
ALTER TABLE `user`
  ADD PRIMARY KEY (`id`);

--
-- AUTO_INCREMENT для сохранённых таблиц
--

--
-- AUTO_INCREMENT для таблицы `article`
--
ALTER TABLE `article`
  MODIFY `id` int(11) NOT NULL AUTO_INCREMENT, AUTO_INCREMENT=9;

--
-- AUTO_INCREMENT для таблицы `article_tag`
--
ALTER TABLE `article_tag`
  MODIFY `id` int(11) NOT NULL AUTO_INCREMENT, AUTO_INCREMENT=19;

--
-- AUTO_INCREMENT для таблицы `category`
--
ALTER TABLE `category`
  MODIFY `id` int(11) NOT NULL AUTO_INCREMENT, AUTO_INCREMENT=5;

--
-- AUTO_INCREMENT для таблицы `comment`
--
ALTER TABLE `comment`
  MODIFY `id` int(11) NOT NULL AUTO_INCREMENT;

--
-- AUTO_INCREMENT для таблицы `tag`
--
ALTER TABLE `tag`
  MODIFY `id` int(11) NOT NULL AUTO_INCREMENT, AUTO_INCREMENT=4;

--
-- AUTO_INCREMENT для таблицы `user`
--
ALTER TABLE `user`
  MODIFY `id` int(11) NOT NULL AUTO_INCREMENT, AUTO_INCREMENT=251430728;

--
-- Ограничения внешнего ключа сохраненных таблиц
--

--
-- Ограничения внешнего ключа таблицы `article_tag`
--
ALTER TABLE `article_tag`
  ADD CONSTRAINT `fk-tag_id` FOREIGN KEY (`tag_id`) REFERENCES `tag` (`id`) ON DELETE CASCADE,
  ADD CONSTRAINT `tag_article_article_id` FOREIGN KEY (`article_id`) REFERENCES `article` (`id`) ON DELETE CASCADE;

--
-- Ограничения внешнего ключа таблицы `comment`
--
ALTER TABLE `comment`
  ADD CONSTRAINT `fk-article_id` FOREIGN KEY (`article_id`) REFERENCES `article` (`id`) ON DELETE CASCADE,
  ADD CONSTRAINT `fk-post-user_id` FOREIGN KEY (`user_id`) REFERENCES `user` (`id`) ON DELETE CASCADE;
COMMIT;

/*!40101 SET CHARACTER_SET_CLIENT=@OLD_CHARACTER_SET_CLIENT */;
/*!40101 SET CHARACTER_SET_RESULTS=@OLD_CHARACTER_SET_RESULTS */;
/*!40101 SET COLLATION_CONNECTION=@OLD_COLLATION_CONNECTION */;
